INSERT INTO STUDENT (STUDENT_ID, SSN, FIRSTNAME, MIDDLENAME, LASTNAME, RESIDENCY, STAT)VALUES('a123', '123456', 'John', 'H', 'Doe', 'CA', 'Undergrad');
INSERT INTO STUDENT (STUDENT_ID, SSN, FIRSTNAME, MIDDLENAME, LASTNAME, RESIDENCY, STAT)VALUES('a124', '123556', 'Kevin', '', 'Lar', 'Az', 'Undergrad');
INSERT INTO STUDENT (STUDENT_ID, SSN, FIRSTNAME, MIDDLENAME, LASTNAME, RESIDENCY, STAT)VALUES('g123', '123776', 'Lalu', 'P', 'Yadav', 'NY', 'Graduate');
INSERT INTO STUDENT (STUDENT_ID, SSN, FIRSTNAME, MIDDLENAME, LASTNAME, RESIDENCY, STAT)VALUES('g223', '223446', 'Katappa', ' ', 'bahubali', 'CA', 'Undergrad');

INSERT INTO DEPARTMENT (DEPT_NAME, REQUIRED_UNITS)VALUES('CSE', '90');
INSERT INTO DEPARTMENT (DEPT_NAME, REQUIRED_UNITS)VALUES('BIO', '90');
INSERT INTO DEPARTMENT (DEPT_NAME, REQUIRED_UNITS)VALUES('SIO', '70');
INSERT INTO DEPARTMENT (DEPT_NAME, REQUIRED_UNITS)VALUES('EER', '80');
INSERT INTO DEPARTMENT (DEPT_NAME, REQUIRED_UNITS)VALUES('CHEM', '110');

INSERT INTO FACULTY (FACULTY,TITLE,DEPARTMENT) VALUES ('Ashish','Lecturer','CSE');
INSERT INTO FACULTY (FACULTY,TITLE,DEPARTMENT) VALUES ('Head','Dean','CHEM');
INSERT INTO FACULTY (FACULTY,TITLE,DEPARTMENT) VALUES ('Munna','Assistant Professor','BIO');
INSERT INTO FACULTY (FACULTY,TITLE,DEPARTMENT) VALUES ('Jack','Daniels','SIO');
INSERT INTO FACULTY (FACULTY,TITLE,DEPARTMENT) VALUES ('Bibek','Janitor','CSE');

INSERT INTO COURSE (DEPARTMENT, COURSENUMBER, MINUNITS, MAXUNITS, GRADE_OPTION,REQUIRESLAB, REQUIRESCONSENT)
VALUES ('CSE', '8A','0','4','Letter Grade','0','0');
INSERT INTO COURSE (DEPARTMENT, COURSENUMBER, MINUNITS, MAXUNITS, GRADE_OPTION,REQUIRESLAB, REQUIRESCONSENT)
VALUES ('CSE', '11','0','4','Letter Grade','0','0');
INSERT INTO COURSE (DEPARTMENT, COURSENUMBER, MINUNITS, MAXUNITS, GRADE_OPTION,REQUIRESLAB, REQUIRESCONSENT)
VALUES ('CSE', '12','0','4','Letter Grade','0','0');
INSERT INTO COURSE (DEPARTMENT, COURSENUMBER, MINUNITS, MAXUNITS, GRADE_OPTION,REQUIRESLAB, REQUIRESCONSENT)
VALUES ('BIO', '2A','0','4','Letter Grade','0','0');
INSERT INTO COURSE (DEPARTMENT, COURSENUMBER, MINUNITS, MAXUNITS, GRADE_OPTION,REQUIRESLAB, REQUIRESCONSENT)
VALUES ('BIO', '2B','0','4','Letter Grade','0','0');
INSERT INTO COURSE (DEPARTMENT, COURSENUMBER, MINUNITS, MAXUNITS, GRADE_OPTION,REQUIRESLAB, REQUIRESCONSENT)
VALUES ('BIO', '7','0','4','Letter Grade','0','0');
INSERT INTO COURSE (DEPARTMENT, COURSENUMBER, MINUNITS, MAXUNITS, GRADE_OPTION,REQUIRESLAB, REQUIRESCONSENT)
VALUES ('CHEM', '6A','4','8','Letter Grade','1','0');
INSERT INTO COURSE (DEPARTMENT, COURSENUMBER, MINUNITS, MAXUNITS, GRADE_OPTION,REQUIRESLAB, REQUIRESCONSENT)
VALUES ('CHEM', '6B','4','8','Letter Grade','1','1');